Name,Gender,Age,Experience,Salary
Person_0,Male,53,7,15672277
Person_1,Female,53,15,14537777
Person_2,Male,25,13,15293028
Person_3,Male,51,11,12680970
Person_4,Male,58,22,15073530
Person_5,Female,44,14,15993994
Person_6,Male,36,27,19353430
Person_7,Male,50,33,17877812
Person_8,Male,57,1,21459547
Person_9,Female,34,31,12197957
Person_10,Male,53,22,17616961
Person_11,Male,28,21,15550026
Person_12,Male,43,24,21569408
Person_13,Male,49,21,12575105
Person_14,Female,23,21,11980834
Person_15,Male,27,5,13201822
Person_16,Female,49,14,8128312
Person_17,Female,49,32,12922734
Person_18,Female,41,7,12222602
Person_19,Male,51,4,15451181
Person_20,Female,32,3,15525267
Person_21,Male,49,5,20628512
Person_22,Female,46,31,17351271
Person_23,Female,54,29,12769289
Person_24,Female,22,34,11804755
Person_25,Female,48,15,15975757
Person_26,Female,34,12,10539300
Person_27,Female,24,29,19994376
Person_28,Female,27,18,18038320
Person_29,Female,29,16,13092473
Person_30,Male,48,18,9860596
Person_31,Male,30,27,19061617
Person_32,Female,58,25,14156380
Person_33,Female,54,25,18213448
Person_34,Female,45,22,9716717
Person_35,Male,36,8,13201874
Person_36,Female,53,11,14515731
Person_37,Male,53,0,15140941
Person_38,Male,45,0,13649803
Person_39,Male,33,33,16868549
Person_40,Male,23,31,11797138
Person_41,Male,24,24,14572861
Person_42,Female,58,0,14860886
Person_43,Female,38,15,16043316
Person_44,Female,23,4,16634844
Person_45,Female,23,21,11126073
Person_46,Female,49,28,9897657
Person_47,Male,44,2,18833030
Person_48,Female,58,11,15496942
Person_49,Female,53,25,12254540
Person_50,Male,54,15,19653455
Person_51,Female,22,21,14847023
Person_52,Male,40,28,18537891
Person_53,Female,23,13,14702555
Person_54,Male,47,27,21182243
Person_55,Female,53,4,19766022
Person_56,Female,27,29,13753107
Person_57,Male,53,4,17914712
Person_58,Male,25,11,16936127
Person_59,Male,32,15,19105894
Person_60,Male,38,25,12105229
Person_61,Male,59,25,17058154
Person_62,Male,45,20,18175273
Person_63,Male,26,32,9723781
Person_64,Male,55,29,11450224
Person_65,Female,27,22,8382303
Person_66,Female,43,9,13691779
Person_67,Male,32,4,17152626
Person_68,Female,37,33,19007071
Person_69,Female,54,30,14722284
Person_70,Female,30,9,19385846
Person_71,Female,27,18,10359695
Person_72,Male,37,31,9889852
Person_73,Female,50,0,14333356
Person_74,Male,24,4,16152196
Person_75,Female,41,3,14401915
Person_76,Female,57,15,8297673
Person_77,Female,40,23,14232639
Person_78,Male,47,15,11086591
Person_79,Female,24,1,16509017
Person_80,Male,40,27,16099794
Person_81,Female,41,31,11680360
Person_82,Male,53,26,13458399
Person_83,Female,28,19,11322359
Person_84,Male,54,23,14811962
Person_85,Male,39,11,17865426
Person_86,Female,22,34,11542821
Person_87,Male,32,32,16512139
Person_88,Female,49,32,12909227
Person_89,Female,46,11,12121381
Person_90,Female,44,2,14178908
Person_91,Female,52,0,11394273
Person_92,Female,51,32,12839052
Person_93,Female,56,9,10906366
Person_94,Female,28,28,20394175
Person_95,Female,37,12,14605790
Person_96,Female,47,11,12400823
Person_97,Female,23,30,15141939
Person_98,Female,22,1,14163015
Person_99,Male,33,34,14337091
Person_100,Male,26,22,16842500
Person_101,Female,58,16,16772523
Person_102,Female,53,25,12908496
Person_103,Female,30,7,12772545
Person_104,Female,56,28,13674844
Person_105,Female,40,25,7594236
Person_106,Female,37,9,9954426
Person_107,Female,24,25,18600622
Person_108,Female,41,33,19434903
Person_109,Male,45,6,14252891
Person_110,Female,54,3,16229670
Person_111,Male,45,10,15933750
Person_112,Female,32,28,23736642
Person_113,Female,29,24,17858724
Person_114,Male,57,20,14616247
Person_115,Female,59,9,11633378
Person_116,Male,41,8,10180661
Person_117,Female,56,23,15110390
Person_118,Female,46,34,12230947
Person_119,Male,56,34,10733238
Person_120,Female,46,17,12560281
Person_121,Male,50,31,11755355
Person_122,Female,39,23,19561424
Person_123,Male,39,22,17644919
Person_124,Male,23,31,14976082
Person_125,Female,56,11,18939832
Person_126,Female,37,12,14732104
Person_127,Male,57,22,12416147
Person_128,Female,54,24,19069372
Person_129,Female,25,34,16116730
Person_130,Female,54,29,11388261
Person_131,Male,35,16,14428983
Person_132,Male,42,19,12373145
Person_133,Male,41,24,10851600
Person_134,Male,29,21,17778532
Person_135,Male,28,12,20728249
Person_136,Male,24,18,10804297
Person_137,Male,38,11,16688907
Person_138,Male,54,18,13048072
Person_139,Male,33,11,13538623
Person_140,Female,43,8,12722818
Person_141,Male,43,6,12408027
Person_142,Female,51,27,14645564
Person_143,Female,59,13,12007149
Person_144,Female,59,30,15311370
Person_145,Male,29,18,14849285
Person_146,Male,48,15,14283155
Person_147,Male,48,4,12277309
Person_148,Male,55,34,13269686
Person_149,Female,42,11,16766173
Person_150,Male,51,24,16502751
Person_151,Male,54,20,12067334
Person_152,Male,49,22,15297996
Person_153,Male,54,15,17254161
Person_154,Male,26,13,9991784
Person_155,Female,40,30,16130080
Person_156,Male,25,4,13012128
Person_157,Female,56,34,16211796
Person_158,Male,38,22,12710222
Person_159,Female,49,28,9085353
Person_160,Male,51,10,10117372
Person_161,Male,50,17,15144254
Person_162,Female,27,11,15279167
Person_163,Female,56,8,11787050
Person_164,Female,58,9,16415777
Person_165,Male,45,16,10015439
Person_166,Female,50,6,14301760
Person_167,Male,52,12,11366951
Person_168,Male,56,8,13044491
Person_169,Female,54,26,14642196
Person_170,Female,42,1,11918759
Person_171,Male,53,4,13846333
Person_172,Male,44,28,18018878
Person_173,Female,54,18,12769324
Person_174,Female,24,7,17007076
Person_175,Female,39,0,11110879
Person_176,Male,46,21,16589412
Person_177,Male,52,16,19324705
Person_178,Male,24,6,7585066
Person_179,Male,45,24,12609314
Person_180,Male,53,3,16731216
Person_181,Male,43,5,14390863
Person_182,Female,44,30,15613437
Person_183,Male,23,18,13188044
Person_184,Male,48,26,15259769
Person_185,Male,23,9,14532968
Person_186,Female,47,25,18003346
Person_187,Male,38,18,15763262
Person_188,Male,54,2,16012807
Person_189,Female,30,12,13264369
Person_190,Male,50,27,13537181
Person_191,Male,47,19,13702325
Person_192,Male,56,27,16183356
Person_193,Male,46,7,13737046
Person_194,Male,45,0,15869324
Person_195,Female,34,2,20726202
Person_196,Female,28,12,17113374
Person_197,Female,57,27,13521929
Person_198,Male,41,24,18603641
Person_199,Male,22,32,13775773
